{
  "$schema": "https://mintlify.com/schema.json",
  "name": "Mem0.ai",
  "favicon": "/favicon.svg",
  "colors": {
    "primary": "#3B2FC9",
    "light": "#6673FF",
    "dark": "#3B2FC9",
    "background": {
      "dark": "#0f1117",
      "light": "#fff"
    }
  },
  "topbarLinks": [
    {
      "name": "Support",
      "url": "mailto:founders@mem0.ai"
    }
  ],
  "anchors": [
    {
      "name": "Slack",
      "icon": "slack",
      "url": "https://mem0.ai/slack/"
    },
    {
      "name": "Discord",
      "icon": "discord",
      "url": "https://mem0.ai/discord/"
    }
  ],
  "navigation": [
    {
      "group": "Get Started",
      "pages": [
        "introduction"
      ]
    }
  ],
  "footerSocials": {
    "x": "https://x.com/mem0ai",
    "github": "https://github.com/embedchain/embedchain/mem0",
    "linkedin": "https://www.linkedin.com/company/mem0/"
  }
}